Workbook

Sheet Correspondences
A1: CORRESPONDENCE TRACKER
A2: DATE | B2: TIME | C2: COMMUNICATION TYPE (Email/Letter/Phone) | D2: SUBJECT | E2: UNIQUE IDENTIFIER (REFERENCE) | F2: SENDER | G2: RECIPIENT | H2: PRIORITY LEVEL (High/Medium/Low) | I2: ASSIGNED PERSON | J2: STATUS (Pending/In Progress/ Closed) | K2: RESPONSE DATE | L2: AVERAGE RESPONSE TIME (DAY/S) | M2: ACTION REQUIRED
A3: =DATE(2025, 5, 1) -> 45778 | C3: Email | D3: DEPLOYMENT | E3: PSM&ICT/01/28/5/2025 | F3: CO PSM&ICT | G3: CO T&I | H3: High | I3: Director T&I (Omutichi) | J3: In Progress | K3: =DATE(2025, 5, 1) -> 45778 | L3: 1 | M3: Re-deployment
A4: =A3+1 -> 45779 | C4: Email | D4: DEPLOYMENT | E4: PSM&ICT/01/28/5/2025 | F4: CO PSM&ICT | G4: CO T&I | H4: Medium | I4: Director T&I (Omutichi) | J4: In Progress | K4: =K3+1 -> 45779 | L4: 1 | M4: Re-deployment
A5: =A4+1 -> 45780
A6: =A5+1 -> 45781
A7: =A6+1 -> 45782 | C7: Letter | D7: DEPLOYMENT | E7: PSM&ICT/01/28/5/2025 | F7: CO PSM&ICT | G7: CO T&I | H7: High | I7: Director T&I (Omutichi) | J7: In Progress | K7: 45782 | L7: 1 | M7: Re-deployment
A8: =A7+1 -> 45783 | C8: Phone | D8: DEPLOYMENT | E8: 254782068820 | F8: FELIX OTIATO | G8: CS | H8: Medium | I8: CO PSM&ICT | J8: In Progress | K8: =K7+1 -> 45783 | L8: 1 | M8: Re-deployment
A9: =A8+1 -> 45784 | C9: Letter | D9: COMPLAINT | E9: LANDS/01/29/5/2025 | F9: CECM LANDS | G9: CO COMMERCE | H9: Low | I9: CO COMMERCE | J9: Closed | K9: =K8+6 -> 45789 | L9: 5
A10: =A9+1 -> 45785 | C10: Letter | D10: COMPLAINT | E10: LANDS/01/29/5/2025 | F10: CECM LANDS | G10: CO COMMERCE | H10: High | I10: CO COMMERCE | J10: Pending
A11: =A10+1 -> 45786 | C11: Letter | D11: COMPLAINT | E11: LANDS/01/29/5/2025 | F11: CECM LANDS | G11: CO COMMERCE | H11: Low | I11: CO COMMERCE | J11: Pending
A12: =A11+1 -> 45787
A13: =A12+1 -> 45788
A14: =A13+1 -> 45789 | C14: Letter | D14: COMPLAINT | E14: LANDS/01/29/5/2025 | F14: CECM LANDS | G14: CO COMMERCE | H14: High | I14: CO COMMERCE | J14: Pending
A15: =A14+1 -> 45790 | C15: Phone | D15: TRANSFER | E15: 254782068820 | F15: FELIX OTIATO | G15: CS | H15: High | I15: CO PSM&ICT | J15: Closed | K15: 45797 | L15: 6
A16: =A15+1 -> 45791 | C16: Phone | D16: TRANSFER | E16: 254782068820 | F16: FELIX OTIATO | G16: CS | H16: Low | I16: CO PSM&ICT | J16: Closed | K16: 45796 | L16: 4
A17: =A16+1 -> 45792 | C17: Phone | D17: TRANSFER | E17: 254782068820 | F17: FELIX OTIATO | G17: CS | H17: High | I17: CO PSM&ICT | J17: Closed | K17: =K16+1 -> 45797 | L17: 3
A18: =A17+1 -> 45793 | C18: Phone | D18: TRANSFER | E18: 254782068820 | F18: FELIX OTIATO | G18: CS | H18: Low | I18: CO PSM&ICT | J18: Closed | K18: =K17+1 -> 45798 | L18: 3
A19: =A18+1 -> 45794
A20: =A19+1 -> 45795
A21: =A20+1 -> 45796
A22: =A21+1 -> 45797
A23: =A22+1 -> 45798
A24: =A23+1 -> 45799
A25: =A24+1 -> 45800
A26: =A25+1 -> 45801
A27: =A26+1 -> 45802
A28: =A27+1 -> 45803
A29: =A28+1 -> 45804
A30: =A29+1 -> 45805
... A247: =A246+1 -> 46022

Sheet Documents Management
A1: DOCUMENTS MANAGEMENT TRACKER
A2: DATE | B2: DOCUMENT NAME | C2: DOCUMENT TYPE (Report, Meeting Minutes, Correspondence e.t.c) | D2: UNIQUE IDENTIFIER (ID) | E2: DATE CREATED | F2: RESPONSIBLE PERSON(S) | G2: STATUS (Draft, Review, Pending, Approved, Archived) | H2: REVIEW DATE | I2: LAST UPDATED | J2: ACTION NOTES (Related to the Documents)
A3: =DATE(2025, 5, 1) -> 45778 | B3: CHRAC Minutes | C3: Meeting Minutes | E3: =DATE(2025, 5, 1) -> 45778 | G3: Draft
A4: =A3+1 -> 45779 | B4: Performance Management | C4: PC Development FY2025/26 Report | E4: =E3+1 -> 45779 | G4: Review
A5: =A4+1 -> 45780
A6: =A5+1 -> 45781
A7: =A6+1 -> 45782 | B7: Cabinet | C7: Meeting Minutes | E7: =DATE(2025, 5, 5) -> 45782 | G7: Archived
A8: =A7+1 -> 45783 | B8: Public Participation | C8: Report | E8: =E7+1 -> 45783 | G8: Approved
A9: =A8+1 -> 45784 | B9: CHRAC | C9: Meeting Minutes | E9: =E8+1 -> 45784 | G9: Pending
A10: =A9+1 -> 45785
A11: =A10+1 -> 45786
A12: =A11+1 -> 45787
A13: =A12+1 -> 45788
A14: =A13+1 -> 45789
A15: =A14+1 -> 45790
A16: =A15+1 -> 45791
A17: =A16+1 -> 45792
A18: =A17+1 -> 45793
A19: =A18+1 -> 45794
A20: =A19+1 -> 45795
A21: =A20+1 -> 45796
... A247: =A246+1 -> 46022

Sheet Meetings & Coordination
A1: SCHEDULED MEETINGS TRACKER
A2: S/N | B2: TITLE FOR MEETING | C2: SCHEDULED DATE | D2: TIME | E2: DURATION | F2: AGENDA/PURPOSE | G2: PARTICIPANTS | H2: STATUS (Scheduled/Postponed /Completed/Cancelled) | I2: ACTION NOTES/UPDATES (Related to the meeting)
A3: 1 | B3: CHRAC | C3: =DATE(2025, 5, 1) -> 45778 | D3: =TIME(12, 1, 0) -> 0.50069444 | E3: 3Hrs | F3: 1. Promotions 2. Re-designations 3. Discipline | G3: 1. CS 2. All COs 2. Director HRM&D | H3: Scheduled
A4: 2 | B4: Performance Management | C4: =C3+1 -> 45779 | D4: =TIME(12, 1, 0) -> 0.50069444 | E4: 2Hrs | F4: PC 2025/26 Programme | G4: 1. CS 2. All COs 2. Director HRM&D | H4: Completed | I4: Programme developed
A5: 3 | C5: =C4+1 -> 45780
A6: 4 | C6: =C5+1 -> 45781
A7: 5 | B7: Cabinet | C7: =C6+1 -> 45782 | D7: =TIME(12, 1, 0) -> 0.50069444 | E7: 4Hrs | F7: 1. Budget | G7: CECMs | H7: Postponed
A8: 6 | B8: Public Participation | C8: =C7+1 -> 45783 | D8: =TIME(12, 1, 0) -> 0.50069444 | E8: 1Hr | F8: Strategic Plan - PSM&ICT | G8: 1. CS 2. All COs 2. Director HRM&D | H8: Cancelled
A9: 7 | B9: CHRAC | C9: =C8+1 -> 45784 | D9: =TIME(12, 1, 0) -> 0.50069444 | E9: 3Hrs | F9: 1. Promotions 2. Re-designations 3. Discipline | G9: 1. CS 2. All COs 2. Director HRM&D | H9: Completed
A10: 8 | C10: =C9+1 -> 45785 | D10: =TIME(12, 1, 0) -> 0.50069444
A11: 9 | C11: =C10+1 -> 45786 | D11: =TIME(12, 1, 0) -> 0.50069444
A12: 10 | C12: =C11+1 -> 45787 | D12: =TIME(12, 1, 0) -> 0.50069444
A13: 11 | C13: =C12+1 -> 45788 | D13: =TIME(12, 1, 0) -> 0.50069444
A14: 12 | C14: =C13+1 -> 45789 | D14: =TIME(12, 1, 0) -> 0.50069444
A15: 13 | C15: =C14+1 -> 45790 | D15: =TIME(12, 1, 0) -> 0.50069444
A16: 14 | C16: =C15+1 -> 45791 | D16: =TIME(12, 1, 0) -> 0.50069444
A17: 15 | C17: =C16+1 -> 45792 | D17: =TIME(12, 1, 0) -> 0.50069444
A18: 16 | C18: =C17+1 -> 45793 | D18: =TIME(12, 1, 0) -> 0.50069444
A19: 17 | C19: =C18+1 -> 45794 | D19: =TIME(12, 1, 0) -> 0.50069444
A20: 18 | C20: =C19+1 -> 45795 | D20: =TIME(12, 1, 0) -> 0.50069444
A21: 19 | C21: =C20+1 -> 45796 | D21: =TIME(12, 1, 0) -> 0.50069444
... A247: 245 | C247: =C246+1 -> 46022 | D247: =TIME(12, 1, 0) -> 0.50069444

Sheet Statistics
A1: CORRESPONDENCES | M1: DOCUMENTS MANAGEMENT | T1: MEETINGS & COORDINATION
A2: Row Labels | B2: Sum of Emails | C2: Sum of Phone | D2: Sum of Letters | E2: Sum of Closed | F2: Sum of Average Response Time (Day/s) | G2: Sum of Medium Priority | H2: Sum of Low Priority | I2: Sum of High Priority | J2: Sum of Pending | K2: Sum of In Progress | M2: Row Labels | N2: Sum of Draft | O2: Sum of Review | P2: Sum of Approved | Q2: Sum of Pending | R2: Sum of Archived | T2: Row Labels | U2: Sum of Completed | V2: Sum of Scheduled | W2: Sum of Postponed | X2: Sum of Cancelled
A3: 12 | B3: 2 | C3: 5 | D3: 5 | E3: 5 | F3: 2.7777778 | G3: 2 | H3: 4 | I3: 6 | J3: 3 | K3: 4 | M3: (blank) | T3: 5 | U3: 2 | V3: 1 | W3: 1 | X3: 1
A4: Grand Total | B4: 2 | C4: 5 | D4: 5 | E4: 5 | F4: 2.7777778 | G4: 2 | H4: 4 | I4: 6 | J4: 3 | K4: 4 | M4: 5 | N4: 1 | O4: 1 | P4: 1 | Q4: 1 | R4: 1 | T4: (blank)
M5: Grand Total | N5: 1 | O5: 1 | P5: 1 | Q5: 1 | R5: 1 | T5: Grand Total | U5: 2 | V5: 1 | W5: 1 | X5: 1

Sheet Dashboard
A1: COUNTY GOVERNMENT OF VIHIGA
A2: OFFICE OF THE COUNTY SECRETARY & HEAD OF PUBLIC SERVICE
Y3: SUMMARY OF KEY PERFORMANCE INDICATORS (KPIs)
A4: CURRENT UPDATES & OVERVIEW OF KEY PERFORMANCE INDICATORS (KPIs) AS AT JUNE, 2025 | P4: Row Labels | Q4: Sum of Total No. of Correspondences | R4: Sum of Total No. of Documents Processed | S4: Sum of Total No. of Meetings | X4: SUMMARY OF KEY PERFORMANCE INDICATORS (KPIs) | Y4: Total No. of Correspondences | Z4: Total No. of Documents Processed | AA4: Total No. of Meetings
A5: 1. CORRESPONDENCES | P5: 3 | Q5: 12 | R5: 5 | S5: 5 | X5: 3 | Y5: =SUM(A7) -> 12 | Z5: =SUM(A13) -> 5 | AA5: =SUM(G13) -> 5
A6: Total No. of Correspondences | B6: Emails | C6: Phone | D6: Letters | E6: High Priority | F6: Medium Priority | G6: Low Priority | H6: Average Response Time (Day/s) | I6: Pending | J6: In Progress | K6: Closed | P6: Grand Total | Q6: 12 | R6: 5 | S6: 5
A7: =COUNTA(Correspondences!C3:C247) -> 12 | B7: =COUNTIF(Correspondences!C3:C247, "Email") -> 2 | C7: =COUNTIF(Correspondences!C3:C247, "Phone") -> 5 | D7: =COUNTIF(Correspondences!C3:C247, "Letter") -> 5 | E7: =COUNTIF(Correspondences!H3:H247, "High") -> 6 | F7: =COUNTIF(Correspondences!H3:H247, "Medium") -> 2 | G7: =COUNTIF(Correspondences!H3:H247, "Low") -> 4 | H7: =AVERAGE(Correspondences!L3:L247) -> 2.7777778 | I7: =COUNTIF(Correspondences!J3:J247, "Pending") -> 3 | J7: =COUNTIF(Correspondences!J3:J247, "In Progress ") -> 4 | K7: =COUNTIF(Correspondences!J3:J247, "Closed") -> 5
A10: 2. DOCUMENT MANAGEMENT | G10: 3. MEETINGS & COORDIINATION
A11: Total No. of Documents Processed | B11: Draft | C11: Review | D11: Approved | E11: Pending | F11: Archived | G11: Total No. of Meetings | H11: Completed | I11: Scheduled | J11: Postponed | K11: Cancelled
A13: =COUNTA('Documents Management'!B3:B247) -> 5 | B13: =COUNTIF('Documents Management'!G3:G247, "Draft") -> 1 | C13: =COUNTIF('Documents Management'!G3:G247, "Review") -> 1 | D13: =COUNTIF('Documents Management'!G3:G247, "Approved") -> 1 | E13: =COUNTIF('Documents Management'!G3:G247, "Pending") -> 1 | F13: =COUNTIF('Documents Management'!G3:G247, "Archived") -> 1 | G13: =COUNTA('Meetings & Coordination'!B3:B247) -> 5 | H13: =COUNTIF('Meetings & Coordination'!H3:H247, "Completed") -> 2 | I13: =COUNTIF('Meetings & Coordination'!H3:H247, "Scheduled") -> 1 | J13: =COUNTIF('Meetings & Coordination'!H3:H247, "Postponed") -> 1 | K13: =COUNTIF('Meetings & Coordination'!H3:H247, "Cancelled") -> 1

Sheet Docs Statistics
A3: Row Labels | B3: Sum of Draft | C3: Sum of Review | D3: Sum of Approved | E3: Sum of Pending | F3: Sum of Archived
A4: (blank)
A5: 5 | B5: 1 | C5: 1 | D5: 1 | E5: 1 | F5: 1
A6: Grand Total | B6: 1 | C6: 1 | D6: 1 | E6: 1 | F6: 1

Sheet Sheet13
A3: Row Labels | B3: Sum of Completed | C3: Sum of Scheduled | D3: Sum of Postponed | E3: Sum of Cancelled
A4: 5 | B4: 2 | C4: 1 | D4: 1 | E4: 1
A5: (blank)
A6: Grand Total | B6: 2 | C6: 1 | D6: 1 | E6: 1
